before,big_category,small_category,tag
WOMEN ANKLE BOOTS,ブーツ,ショートブーツ・ブーティ,"GISELe,sweet,VERY,Neiman Marcus,Nordstrom,BARNEYS NEW YORK,Saks Fifth Avenue,円高還元セール"
WOMEN BASEBALL CAP,帽子,キャップ,"GISELe,sweet,VERY,Neiman Marcus,Nordstrom,BARNEYS NEW YORK,Saks Fifth Avenue,円高還元セール"
WOMEN BEANIE,帽子,ニットキャップ・ビーニー,"GISELe,sweet,VERY,Neiman Marcus,Nordstrom,BARNEYS NEW YORK,Saks Fifth Avenue,円高還元セール"
WOMEN BELT BAG,バッグ・カバン,バッグ・カバンその他,"GISELe,sweet,VERY,Neiman Marcus,Nordstrom,BARNEYS NEW YORK,Saks Fifth Avenue,円高還元セール"
WOMEN BLOUSE,トップス,ブラウス・シャツ,"GISELe,sweet,VERY,Neiman Marcus,Nordstrom,BARNEYS NEW YORK,Saks Fifth Avenue,円高還元セール"
WOMEN BRACELET,アクセサリー,ブレスレット,"GISELe,sweet,VERY,Neiman Marcus,Nordstrom,BARNEYS NEW YORK,Saks Fifth Avenue,円高還元セール"
WOMEN CAMERA BAG,バッグ・カバン,バッグ・カバンその他,"GISELe,sweet,VERY,Neiman Marcus,Nordstrom,BARNEYS NEW YORK,Saks Fifth Avenue,円高還元セール"
WOMEN CARD CASE,財布・小物,カードケース・名刺入れ,"GISELe,sweet,VERY,Neiman Marcus,Nordstrom,BARNEYS NEW YORK,Saks Fifth Avenue,円高還元セール"
WOMEN CARDIGAN,トップス,カーディガン,"GISELe,sweet,VERY,Neiman Marcus,Nordstrom,BARNEYS NEW YORK,Saks Fifth Avenue,円高還元セール"
WOMEN CHAIN WALLET,財布・小物,財布・小物その他,"GISELe,sweet,VERY,Neiman Marcus,Nordstrom,BARNEYS NEW YORK,Saks Fifth Avenue,円高還元セール"
WOMEN DENIM JACKET,アウター,アウターその他,"GISELe,sweet,VERY,Neiman Marcus,Nordstrom,BARNEYS NEW YORK,Saks Fifth Avenue,円高還元セール"
WOMEN DRESS,ワンピース・オールインワン,ワンピース,"GISELe,sweet,VERY,Neiman Marcus,Nordstrom,BARNEYS NEW YORK,Saks Fifth Avenue,円高還元セール"
WOMEN HANDBAG,バッグ・カバン,ハンドバッグ,"GISELe,sweet,VERY,Neiman Marcus,Nordstrom,BARNEYS NEW YORK,Saks Fifth Avenue,円高還元セール"
WOMEN HANDLE BAG,バッグ・カバン,バッグ・カバンその他,"GISELe,sweet,VERY,Neiman Marcus,Nordstrom,BARNEYS NEW YORK,Saks Fifth Avenue,円高還元セール"
WOMEN JEANS,ボトムス,デニム・ジーパン,"GISELe,sweet,VERY,Neiman Marcus,Nordstrom,BARNEYS NEW YORK,Saks Fifth Avenue,円高還元セール"
WOMEN JOGGERS,ボトムス,ボトムスその他,"GISELe,sweet,VERY,Neiman Marcus,Nordstrom,BARNEYS NEW YORK,Saks Fifth Avenue,円高還元セール"
WOMEN JUMPSUIT,ワンピース・オールインワン,オールインワン・サロペット,"GISELe,sweet,VERY,Neiman Marcus,Nordstrom,BARNEYS NEW YORK,Saks Fifth Avenue,円高還元セール"
WOMEN LEGGINGS,インナー・ルームウェア,スパッツ・レギンス,"GISELe,sweet,VERY,Neiman Marcus,Nordstrom,BARNEYS NEW YORK,Saks Fifth Avenue,円高還元セール"
WOMEN MINISKIRT,ボトムス,ミニスカート,"GISELe,sweet,VERY,Neiman Marcus,Nordstrom,BARNEYS NEW YORK,Saks Fifth Avenue,円高還元セール"
WOMEN MULES,靴・シューズ,サンダル・ミュール,"GISELe,sweet,VERY,Neiman Marcus,Nordstrom,BARNEYS NEW YORK,Saks Fifth Avenue,円高還元セール"
WOMEN OVERCOAT,アウター,アウターその他,"GISELe,sweet,VERY,Neiman Marcus,Nordstrom,BARNEYS NEW YORK,Saks Fifth Avenue,円高還元セール"
WOMEN PADDED COAT,アウター,アウターその他,"GISELe,sweet,VERY,Neiman Marcus,Nordstrom,BARNEYS NEW YORK,Saks Fifth Avenue,円高還元セール"
WOMEN PANTS,ボトムス,パンツ,"GISELe,sweet,VERY,Neiman Marcus,Nordstrom,BARNEYS NEW YORK,Saks Fifth Avenue,円高還元セール"
WOMEN PHONE HOLDER,スマホケース・テックアクセサリー,,"GISELe,sweet,VERY,Neiman Marcus,Nordstrom,BARNEYS NEW YORK,Saks Fifth Avenue,円高還元セール"
WOMEN POUCH,財布・小物,ポーチ,"GISELe,sweet,VERY,Neiman Marcus,Nordstrom,BARNEYS NEW YORK,Saks Fifth Avenue,円高還元セール"
WOMEN PULLOVER,トップス,トップスその他,"GISELe,sweet,VERY,Neiman Marcus,Nordstrom,BARNEYS NEW YORK,Saks Fifth Avenue,円高還元セール"
WOMEN PUMPS,靴・シューズ,パンプス,"GISELe,sweet,VERY,Neiman Marcus,Nordstrom,BARNEYS NEW YORK,Saks Fifth Avenue,円高還元セール"
WOMEN SCARF,ファッション雑貨・小物,スカーフ,"GISELe,sweet,VERY,Neiman Marcus,Nordstrom,BARNEYS NEW YORK,Saks Fifth Avenue,円高還元セール"
WOMEN T-SHIRT,トップス,Tシャツ・カットソー,"GISELe,sweet,VERY,Neiman Marcus,Nordstrom,BARNEYS NEW YORK,Saks Fifth Avenue,円高還元セール"
WOMEN SHOULDER BAG,バッグ・カバン,ショルダーバッグ・ポシェット,"GISELe,sweet,VERY,Neiman Marcus,Nordstrom,BARNEYS NEW YORK,Saks Fifth Avenue,円高還元セール"
WOMEN SINGLE-BREASTED JACKET,アウター,ジャケット,"GISELe,sweet,VERY,Neiman Marcus,Nordstrom,BARNEYS NEW YORK,Saks Fifth Avenue,円高還元セール"
WOMEN SKIRT,ボトムス,スカート,"GISELe,sweet,VERY,Neiman Marcus,Nordstrom,BARNEYS NEW YORK,Saks Fifth Avenue,円高還元セール"
WOMEN SLINGBACKS,靴・シューズ,パンプス,"GISELe,sweet,VERY,Neiman Marcus,Nordstrom,BARNEYS NEW YORK,Saks Fifth Avenue,円高還元セール"
WOMEN SNEAKERS,靴・シューズ,スニーカー,"GISELe,sweet,VERY,Neiman Marcus,Nordstrom,BARNEYS NEW YORK,Saks Fifth Avenue,円高還元セール"
WOMEN SOCKS,インナー・ルームウェア,タイツ・ソックス,"GISELe,sweet,VERY,Neiman Marcus,Nordstrom,BARNEYS NEW YORK,Saks Fifth Avenue,円高還元セール"
WOMEN TOTE BAG,バッグ・カバン,トートバッグ,"GISELe,sweet,VERY,Neiman Marcus,Nordstrom,BARNEYS NEW YORK,Saks Fifth Avenue,円高還元セール"
WOMEN TRENCH COAT,アウター,トレンチコート,"GISELe,sweet,VERY,Neiman Marcus,Nordstrom,BARNEYS NEW YORK,Saks Fifth Avenue,円高還元セール"
WOMEN SHIRT,トップス,ブラウス・シャツ,"GISELe,sweet,VERY,Neiman Marcus,Nordstrom,BARNEYS NEW YORK,Saks Fifth Avenue,円高還元セール"
WOMEN WINDBREAKER,アウター,ブルゾン,"GISELe,sweet,VERY,Neiman Marcus,Nordstrom,BARNEYS NEW YORK,Saks Fifth Avenue,円高還元セール"
WOMEN BOMBER JACKET,アウター,ブルゾン,"GISELe,sweet,VERY,Neiman Marcus,Nordstrom,BARNEYS NEW YORK,Saks Fifth Avenue,円高還元セール"
WOMEN DOWN JACKET,アウター,ダウンジャケット・コート,"GISELe,sweet,VERY,Neiman Marcus,Nordstrom,BARNEYS NEW YORK,Saks Fifth Avenue,円高還元セール"
WOMEN JACKET,アウター,ジャケット,"GISELe,sweet,VERY,Neiman Marcus,Nordstrom,BARNEYS NEW YORK,Saks Fifth Avenue,円高還元セール"
WOMEN SHORTS,ボトムス,ショートパンツ,"GISELe,sweet,VERY,Neiman Marcus,Nordstrom,BARNEYS NEW YORK,Saks Fifth Avenue,円高還元セール"
WOMEN HOODIE,トップス,パーカー・フーディ,"GISELe,sweet,VERY,Neiman Marcus,Nordstrom,BARNEYS NEW YORK,Saks Fifth Avenue,円高還元セール"
WOMEN BACKPACK,バッグ・カバン,バックパック・リュック,"GISELe,sweet,VERY,Neiman Marcus,Nordstrom,BARNEYS NEW YORK,Saks Fifth Avenue,円高還元セール"
WOMEN BELT,ファッション雑貨・小物,ベルト,"GISELe,sweet,VERY,Neiman Marcus,Nordstrom,BARNEYS NEW YORK,Saks Fifth Avenue,円高還元セール"
WOMEN ESPADRILLES,靴・シューズ,シューズ・サンダルその他,"GISELe,sweet,VERY,Neiman Marcus,Nordstrom,BARNEYS NEW YORK,Saks Fifth Avenue,円高還元セール"
WOMEN PARKA,トップス,パーカー・フーディ,"GISELe,sweet,VERY,Neiman Marcus,Nordstrom,BARNEYS NEW YORK,Saks Fifth Avenue,円高還元セール"
WOMEN HAT,帽子,ハット,"GISELe,sweet,VERY,Neiman Marcus,Nordstrom,BARNEYS NEW YORK,Saks Fifth Avenue,円高還元セール"
WOMEN WALLET,財布・雑貨,雑貨・その他,"GISELe,sweet,VERY,Neiman Marcus,Nordstrom,BARNEYS NEW YORK,Saks Fifth Avenue,円高還元セール"
WOMEN CHAIN BAG,バッグ・カバン,バッグ・カバンその他,"GISELe,sweet,VERY,Neiman Marcus,Nordstrom,BARNEYS NEW YORK,Saks Fifth Avenue,円高還元セール"
WOMEN CROSSBODY BAG,バッグ・カバン,ショルダーバッグ・ポシェット,"GISELe,sweet,VERY,Neiman Marcus,Nordstrom,BARNEYS NEW YORK,Saks Fifth Avenue,円高還元セール"
WOMEN SHOPPING BAG,バッグ・カバン,バッグ・カバンその他,"GISELe,sweet,VERY,Neiman Marcus,Nordstrom,BARNEYS NEW YORK,Saks Fifth Avenue,円高還元セール"
WOMEN MULE SANDALS,靴・シューズ,サンダル・ミュール,"GISELe,sweet,VERY,Neiman Marcus,Nordstrom,BARNEYS NEW YORK,Saks Fifth Avenue,円高還元セール"
WOMEN DROP EARRINGS,アクセサリー,アクセサリーその他,"GISELe,sweet,VERY,Neiman Marcus,Nordstrom,BARNEYS NEW YORK,Saks Fifth Avenue,円高還元セール"
WOMEN FOULARD,ファッション雑貨・小物,スカーフ,"GISELe,sweet,VERY,Neiman Marcus,Nordstrom,BARNEYS NEW YORK,Saks Fifth Avenue,円高還元セール"
WOMEN SANDALS,靴・シューズ,サンダル・ミュール,"GISELe,sweet,VERY,Neiman Marcus,Nordstrom,BARNEYS NEW YORK,Saks Fifth Avenue,円高還元セール"
WOMEN BAG,バッグ・カバン,バッグ・カバンその他,"GISELe,sweet,VERY,Neiman Marcus,Nordstrom,BARNEYS NEW YORK,Saks Fifth Avenue,円高還元セール"
WOMEN PASSPORT HOLDER,財布・小物,財布・小物その他,"GISELe,sweet,VERY,Neiman Marcus,Nordstrom,BARNEYS NEW YORK,Saks Fifth Avenue,円高還元セール"
WOMEN SWIMSUIT,水着・ビーチグッズ,ワンピース水着,"GISELe,sweet,VERY,Neiman Marcus,Nordstrom,BARNEYS NEW YORK,Saks Fifth Avenue,円高還元セール"
WOMEN EARRINGS,アクセサリー,アクセサリーその他,"GISELe,sweet,VERY,Neiman Marcus,Nordstrom,BARNEYS NEW YORK,Saks Fifth Avenue,円高還元セール"
WOMEN BIKINI BOTTOMS,水着・ビーチグッズ,ビキニ,"GISELe,sweet,VERY,Neiman Marcus,Nordstrom,BARNEYS NEW YORK,Saks Fifth Avenue,円高還元セール"
WOMEN TRIANGLE TOP,水着・ビーチグッズ,ビキニ,"GISELe,sweet,VERY,Neiman Marcus,Nordstrom,BARNEYS NEW YORK,Saks Fifth Avenue,円高還元セール"
WOMEN BIKINI TOP,水着・ビーチグッズ,ビキニ,"GISELe,sweet,VERY,Neiman Marcus,Nordstrom,BARNEYS NEW YORK,Saks Fifth Avenue,円高還元セール"
WOMEN LINGERIE TOP,インナー・ルームウェア,インナー・ルームウェアその他,"GISELe,sweet,VERY,Neiman Marcus,Nordstrom,BARNEYS NEW YORK,Saks Fifth Avenue,円高還元セール"
WOMEN SLEEVELESS TOP,トップス,トップスその他,"GISELe,sweet,VERY,Neiman Marcus,Nordstrom,BARNEYS NEW YORK,Saks Fifth Avenue,円高還元セール"
WOMEN CHARMEUSE TOP,インナー・ルームウェア,インナー・ルームウェアその他,"GISELe,sweet,VERY,Neiman Marcus,Nordstrom,BARNEYS NEW YORK,Saks Fifth Avenue,円高還元セール"
WOMEN BUSTIER TOP,インナー・ルームウェア,インナー・ルームウェアその他,"GISELe,sweet,VERY,Neiman Marcus,Nordstrom,BARNEYS NEW YORK,Saks Fifth Avenue,円高還元セール"
WOMEN FLAP WALLET,財布・小物,財布・小物その他,"GISELe,sweet,VERY,Neiman Marcus,Nordstrom,BARNEYS NEW YORK,Saks Fifth Avenue,円高還元セール"
MEN CARDIGAN,トップス,カーディガン,"LEON,OCEANS,Safari,Neiman Marcus,Nordstrom,BARNEYS NEW YORK,Saks Fifth Avenue,円高還元セール"
MEN BOMBER JACKET,アウター・ジャケット,ブルゾン,"LEON,OCEANS,Safari,Neiman Marcus,Nordstrom,BARNEYS NEW YORK,Saks Fifth Avenue,円高還元セール"
MEN WINDBREAKER,アウター・ジャケット,ブルゾン,"LEON,OCEANS,Safari,Neiman Marcus,Nordstrom,BARNEYS NEW YORK,Saks Fifth Avenue,円高還元セール"
MEN JACKET,アウター・ジャケット,ジャケットその他,"LEON,OCEANS,Safari,Neiman Marcus,Nordstrom,BARNEYS NEW YORK,Saks Fifth Avenue,円高還元セール"
MEN PANTS,ボトムス,パンツ,"LEON,OCEANS,Safari,Neiman Marcus,Nordstrom,BARNEYS NEW YORK,Saks Fifth Avenue,円高還元セール"
MEN PULLOVER,トップス,トップスその他,"LEON,OCEANS,Safari,Neiman Marcus,Nordstrom,BARNEYS NEW YORK,Saks Fifth Avenue,円高還元セール"
MEN SHORTS,ボトムス,ハーフ・ショートパンツ,"LEON,OCEANS,Safari,Neiman Marcus,Nordstrom,BARNEYS NEW YORK,Saks Fifth Avenue,円高還元セール"
MEN SNEAKERS,靴・ブーツ・サンダル,スニーカー,"LEON,OCEANS,Safari,Neiman Marcus,Nordstrom,BARNEYS NEW YORK,Saks Fifth Avenue,円高還元セール"
MEN HOODIE,トップス,パーカー・フーディ,"LEON,OCEANS,Safari,Neiman Marcus,Nordstrom,BARNEYS NEW YORK,Saks Fifth Avenue,円高還元セール"
MEN TRENCH COAT,アウター・ジャケット,トレンチコート,"LEON,OCEANS,Safari,Neiman Marcus,Nordstrom,BARNEYS NEW YORK,Saks Fifth Avenue,円高還元セール"
MEN T-SHIRT,トップス,Tシャツ・カットソー,"LEON,OCEANS,Safari,Neiman Marcus,Nordstrom,BARNEYS NEW YORK,Saks Fifth Avenue,円高還元セール"
MEN DOWN JACKET,アウター・ジャケット,ダウンジャケット,"LEON,OCEANS,Safari,Neiman Marcus,Nordstrom,BARNEYS NEW YORK,Saks Fifth Avenue,円高還元セール"
MEN ANKLE BOOTS,靴・ブーツ・サンダル,ブーツ,"LEON,OCEANS,Safari,Neiman Marcus,Nordstrom,BARNEYS NEW YORK,Saks Fifth Avenue,円高還元セール"
MEN BASEBALL CAP,帽子,キャップ,"LEON,OCEANS,Safari,Neiman Marcus,Nordstrom,BARNEYS NEW YORK,Saks Fifth Avenue,円高還元セール"
MEN BEANIE,帽子,ニットキャップ・ビーニー,"LEON,OCEANS,Safari,Neiman Marcus,Nordstrom,BARNEYS NEW YORK,Saks Fifth Avenue,円高還元セール"
MEN BELT BAG,バッグ・カバン,バッグ・カバンその他,"LEON,OCEANS,Safari,Neiman Marcus,Nordstrom,BARNEYS NEW YORK,Saks Fifth Avenue,円高還元セール"
MEN BLOUSE,トップス,シャツ,"LEON,OCEANS,Safari,Neiman Marcus,Nordstrom,BARNEYS NEW YORK,Saks Fifth Avenue,円高還元セール"
MEN BRACELET,アクセサリー,ブレスレット,"LEON,OCEANS,Safari,Neiman Marcus,Nordstrom,BARNEYS NEW YORK,Saks Fifth Avenue,円高還元セール"
MEN CAMERA BAG,バッグ・カバン,バッグ・カバンその他,"LEON,OCEANS,Safari,Neiman Marcus,Nordstrom,BARNEYS NEW YORK,Saks Fifth Avenue,円高還元セール"
MEN CARD CASE,財布・雑貨,カードケース・名刺入れ,"LEON,OCEANS,Safari,Neiman Marcus,Nordstrom,BARNEYS NEW YORK,Saks Fifth Avenue,円高還元セール"
MEN CHAIN WALLET,財布・雑貨,雑貨・その他,"LEON,OCEANS,Safari,Neiman Marcus,Nordstrom,BARNEYS NEW YORK,Saks Fifth Avenue,円高還元セール"
MEN DENIM JACKET,アウター・ジャケット,ジャケットその他,"LEON,OCEANS,Safari,Neiman Marcus,Nordstrom,BARNEYS NEW YORK,Saks Fifth Avenue,円高還元セール"
MEN DRESS,トップス,トップスその他,"LEON,OCEANS,Safari,Neiman Marcus,Nordstrom,BARNEYS NEW YORK,Saks Fifth Avenue,円高還元セール"
MEN HANDBAG,バッグ・カバン,バッグ・カバンその他,"LEON,OCEANS,Safari,Neiman Marcus,Nordstrom,BARNEYS NEW YORK,Saks Fifth Avenue,円高還元セール"
MEN HANDLE BAG,バッグ・カバン,バッグ・カバンその他,"LEON,OCEANS,Safari,Neiman Marcus,Nordstrom,BARNEYS NEW YORK,Saks Fifth Avenue,円高還元セール"
MEN JEANS,ボトムス,デニム・ジーパン,"LEON,OCEANS,Safari,Neiman Marcus,Nordstrom,BARNEYS NEW YORK,Saks Fifth Avenue,円高還元セール"
MEN JOGGERS,ボトムス,ボトムスその他,"LEON,OCEANS,Safari,Neiman Marcus,Nordstrom,BARNEYS NEW YORK,Saks Fifth Avenue,円高還元セール"
MEN JUMPSUIT,ボトムス,ボトムスその他,"LEON,OCEANS,Safari,Neiman Marcus,Nordstrom,BARNEYS NEW YORK,Saks Fifth Avenue,円高還元セール"
MEN LEGGINGS,ボトムス,ボトムスその他,"LEON,OCEANS,Safari,Neiman Marcus,Nordstrom,BARNEYS NEW YORK,Saks Fifth Avenue,円高還元セール"
MEN MINISKIRT,ボトムス,ボトムスその他,"LEON,OCEANS,Safari,Neiman Marcus,Nordstrom,BARNEYS NEW YORK,Saks Fifth Avenue,円高還元セール"
MEN MULES,靴・ブーツ・サンダル,靴・ブーツ・サンダルその他,"LEON,OCEANS,Safari,Neiman Marcus,Nordstrom,BARNEYS NEW YORK,Saks Fifth Avenue,円高還元セール"
MEN OVERCOAT,アウター・ジャケット,コートその他,"LEON,OCEANS,Safari,Neiman Marcus,Nordstrom,BARNEYS NEW YORK,Saks Fifth Avenue,円高還元セール"
MEN PADDED COAT,アウター・ジャケット,コートその他,"LEON,OCEANS,Safari,Neiman Marcus,Nordstrom,BARNEYS NEW YORK,Saks Fifth Avenue,円高還元セール"
MEN PHONE HOLDER,スマホケース・テックアクセサリー,,"LEON,OCEANS,Safari,Neiman Marcus,Nordstrom,BARNEYS NEW YORK,Saks Fifth Avenue,円高還元セール"
MEN POUCH,バッグ・カバン,バッグ・カバンその他,"LEON,OCEANS,Safari,Neiman Marcus,Nordstrom,BARNEYS NEW YORK,Saks Fifth Avenue,円高還元セール"
MEN PUMPS,靴・ブーツ・サンダル,靴・ブーツ・サンダルその他,"LEON,OCEANS,Safari,Neiman Marcus,Nordstrom,BARNEYS NEW YORK,Saks Fifth Avenue,円高還元セール"
MEN SCARF,ファッション雑貨・小物,ストール,"LEON,OCEANS,Safari,Neiman Marcus,Nordstrom,BARNEYS NEW YORK,Saks Fifth Avenue,円高還元セール"
MEN SHOULDER BAG,バッグ・カバン,ショルダーバッグ,"LEON,OCEANS,Safari,Neiman Marcus,Nordstrom,BARNEYS NEW YORK,Saks Fifth Avenue,円高還元セール"
MEN SINGLE-BREASTED JACKET,アウター・ジャケット,ジャケットその他,"LEON,OCEANS,Safari,Neiman Marcus,Nordstrom,BARNEYS NEW YORK,Saks Fifth Avenue,円高還元セール"
MEN SKIRT,ボトムス,ボトムスその他,"LEON,OCEANS,Safari,Neiman Marcus,Nordstrom,BARNEYS NEW YORK,Saks Fifth Avenue,円高還元セール"
MEN SLINGBACKS,靴・ブーツ・サンダル,靴・ブーツ・サンダルその他,"LEON,OCEANS,Safari,Neiman Marcus,Nordstrom,BARNEYS NEW YORK,Saks Fifth Avenue,円高還元セール"
MEN SOCKS,ファッション雑貨・小物,靴下・ソックス,"LEON,OCEANS,Safari,Neiman Marcus,Nordstrom,BARNEYS NEW YORK,Saks Fifth Avenue,円高還元セール"
MEN TOTE BAG,バッグ・カバン,トートバッグ,"LEON,OCEANS,Safari,Neiman Marcus,Nordstrom,BARNEYS NEW YORK,Saks Fifth Avenue,円高還元セール"
MEN SHIRT,トップス,シャツ,"LEON,OCEANS,Safari,Neiman Marcus,Nordstrom,BARNEYS NEW YORK,Saks Fifth Avenue,円高還元セール"
MEN BACKPACK,バッグ・カバン,バックパック・リュック,"LEON,OCEANS,Safari,Neiman Marcus,Nordstrom,BARNEYS NEW YORK,Saks Fifth Avenue,円高還元セール"
MEN BELT,ファッション雑貨・小物,ベルト,"LEON,OCEANS,Safari,Neiman Marcus,Nordstrom,BARNEYS NEW YORK,Saks Fifth Avenue,円高還元セール"
MEN ESPADRILLES,靴・ブーツ・サンダル,靴・ブーツ・サンダルその他,"LEON,OCEANS,Safari,Neiman Marcus,Nordstrom,BARNEYS NEW YORK,Saks Fifth Avenue,円高還元セール"
MEN PARKA,トップス,パーカー・フーディ,"LEON,OCEANS,Safari,Neiman Marcus,Nordstrom,BARNEYS NEW YORK,Saks Fifth Avenue,円高還元セール"
MEN HAT,帽子,ハット,"LEON,OCEANS,Safari,Neiman Marcus,Nordstrom,BARNEYS NEW YORK,Saks Fifth Avenue,円高還元セール"
MEN WALLET,財布・雑貨,雑貨・その他,"LEON,OCEANS,Safari,Neiman Marcus,Nordstrom,BARNEYS NEW YORK,Saks Fifth Avenue,円高還元セール"
MEN CHAIN BAG,バッグ・カバン,バッグ・カバンその他,"LEON,OCEANS,Safari,Neiman Marcus,Nordstrom,BARNEYS NEW YORK,Saks Fifth Avenue,円高還元セール"
MEN CROSSBODY BAG,バッグ・カバン,ショルダーバッグ,"LEON,OCEANS,Safari,Neiman Marcus,Nordstrom,BARNEYS NEW YORK,Saks Fifth Avenue,円高還元セール"
MEN SHOPPING BAG,バッグ・カバン,バッグ・カバンその他,"LEON,OCEANS,Safari,Neiman Marcus,Nordstrom,BARNEYS NEW YORK,Saks Fifth Avenue,円高還元セール"
MEN MULE SANDALS,靴・ブーツ・サンダル,サンダル,"LEON,OCEANS,Safari,Neiman Marcus,Nordstrom,BARNEYS NEW YORK,Saks Fifth Avenue,円高還元セール"
MEN DROP EARRINGS,アクセサリー,アクセサリーその他,"LEON,OCEANS,Safari,Neiman Marcus,Nordstrom,BARNEYS NEW YORK,Saks Fifth Avenue,円高還元セール"
MEN FOULARD,ファッション雑貨・小物,ストール,"LEON,OCEANS,Safari,Neiman Marcus,Nordstrom,BARNEYS NEW YORK,Saks Fifth Avenue,円高還元セール"
MEN SANDALS,靴・ブーツ・サンダル,サンダル,"LEON,OCEANS,Safari,Neiman Marcus,Nordstrom,BARNEYS NEW YORK,Saks Fifth Avenue,円高還元セール"
MEN BAG,バッグ・カバン,バッグ・カバンその他,"LEON,OCEANS,Safari,Neiman Marcus,Nordstrom,BARNEYS NEW YORK,Saks Fifth Avenue,円高還元セール"
MEN PASSPORT HOLDER,財布・雑貨,雑貨・その他,"LEON,OCEANS,Safari,Neiman Marcus,Nordstrom,BARNEYS NEW YORK,Saks Fifth Avenue,円高還元セール"
MEN SWIMSUIT,水着・ビーチグッズ,水着・ビーチグッズその他,"LEON,OCEANS,Safari,Neiman Marcus,Nordstrom,BARNEYS NEW YORK,Saks Fifth Avenue,円高還元セール"
MEN EARRINGS,アクセサリー,アクセサリーその他,"LEON,OCEANS,Safari,Neiman Marcus,Nordstrom,BARNEYS NEW YORK,Saks Fifth Avenue,円高還元セール"
MEN BIKINI BOTTOMS,水着・ビーチグッズ,水着,"LEON,OCEANS,Safari,Neiman Marcus,Nordstrom,BARNEYS NEW YORK,Saks Fifth Avenue,円高還元セール"
MEN TRIANGLE TOP,トップス,トップスその他,"LEON,OCEANS,Safari,Neiman Marcus,Nordstrom,BARNEYS NEW YORK,Saks Fifth Avenue,円高還元セール"
MEN BIKINI TOP,水着・ビーチグッズ,水着・ビーチグッズその他,"LEON,OCEANS,Safari,Neiman Marcus,Nordstrom,BARNEYS NEW YORK,Saks Fifth Avenue,円高還元セール"
MEN LINGERIE TOP,トップス,トップスその他,"LEON,OCEANS,Safari,Neiman Marcus,Nordstrom,BARNEYS NEW YORK,Saks Fifth Avenue,円高還元セール"
MEN SLEEVELESS TOP,トップス,トップスその他,"LEON,OCEANS,Safari,Neiman Marcus,Nordstrom,BARNEYS NEW YORK,Saks Fifth Avenue,円高還元セール"
MEN CHARMEUSE TOP,トップス,トップスその他,"LEON,OCEANS,Safari,Neiman Marcus,Nordstrom,BARNEYS NEW YORK,Saks Fifth Avenue,円高還元セール"
MEN BUSTIER TOP,トップス,トップスその他,"LEON,OCEANS,Safari,Neiman Marcus,Nordstrom,BARNEYS NEW YORK,Saks Fifth Avenue,円高還元セール"
MEN FLAP WALLET,財布・雑貨,雑貨・その他,"LEON,OCEANS,Safari,Neiman Marcus,Nordstrom,BARNEYS NEW YORK,Saks Fifth Avenue,円高還元セール"
